Bin,Classification,comp,contam,total
3300026302-bin.3,d__Bacteria;p__Proteobacteria;c__Gammaproteobacteria;o__Burkholderiales;f__Rhodocyclaceae;g__Accumulibacter;s__Accumulibacter,99.84,0.24,102762132.308564
3300009517-bin.49,d__Bacteria;p__Bacteroidota;c__Bacteroidia;o__Chitinophagales;f__Chitinophagaceae;g__;s__,99.01,0,3141341.41233866
spades-bin.84,d__Bacteria;p__Proteobacteria;c__Gammaproteobacteria;o__Xanthomonadales;f__Xanthomonadaceae;g__Pseudoxanthomonas_A;s__,99.95,0.89,3964794.66215301
spades-bin.45,d__Bacteria;p__Proteobacteria;c__Alphaproteobacteria;o__Caulobacterales;f__Hyphomonadaceae;g__UBA1942;s__,98.43,0.32,4138107.24819283
3300009517-bin.1,d__Bacteria;p__Proteobacteria;c__Gammaproteobacteria;o__Burkholderiales;f__Burkholderiaceae;g__Ramlibacter;s__,99.84,0.06,1832036.6562566
3300009517-bin.35,d__Bacteria;p__Bacteroidota;c__Bacteroidia;o__Cytophagales;f__Spirosomaceae;g__Runella;s__Runella,100,0,10725342.4619291
3300026286-bin.22,d__Bacteria;p__Actinobacteriota;c__Actinobacteria;o__Actinomycetales;f__Dermatophilaceae;g__Tetrasphaera_A;s__Tetrasphaera_A,98.92,0.05,2538781.66774547
3300026302-bin.6,d__Bacteria;p__Proteobacteria;c__Gammaproteobacteria;o__Xanthomonadales;f__Xanthomonadaceae;g__Pseudoxanthomonas;s__,99.02,0,515368.639571143
spades-bin.4,d__Bacteria;p__Bacteroidota;c__Bacteroidia;o__Cytophagales;f__Spirosomaceae;g__Leadbetterella;s__,99.11,0.6,1017457.97184517
megahit-bin.50,d__Bacteria;p__Proteobacteria;c__Alphaproteobacteria;o__Rhodobacterales;f__Rhodobacteraceae;g__Defluviimonas;s__,100,0.35,3645270.06989099
3300009517-bin.6,d__Bacteria;p__Bacteroidota;c__Bacteroidia;o__Flavobacteriales;f__Flavobacteriaceae;g__Flavobacterium;s__,99.29,0.35,3002991.11261947
3300026302-bin.31,d__Bacteria;p__Proteobacteria;c__Gammaproteobacteria;o__Burkholderiales;f__Burkholderiaceae;g__Alicycliphilus;s__,99.64,1.04,770970.486996334
3300026302-bin.43,d__Bacteria;p__Bacteroidota;c__Bacteroidia;o__NS11-12g;f__UKL13-3;g__B1;s__,100,0,9991371.59852927
3300009517-bin.38,d__Bacteria;p__Proteobacteria;c__Alphaproteobacteria;o__Sphingomonadales;f__Sphingomonadaceae;g__Sphingopyxis;s__,99.98,1.56,600695.063249643
3300009517-bin.48,d__Bacteria;p__Proteobacteria;c__Alphaproteobacteria;o__Caulobacterales;f__Caulobacteraceae;g__Caulobacter;s__,100,0,4627824.86687806
3300009517-bin.13,d__Bacteria;p__Actinobacteriota;c__Actinobacteria;o__Actinomycetales;f__Microbacteriaceae;g__Salinibacterium;s__,97.81,0,178111.408605623
spades-bin.58,d__Bacteria;p__Proteobacteria;c__Gammaproteobacteria;o__Burkholderiales;f__Burkholderiaceae;g__Vitreoscilla_A;s__,100,0.7,382529.201244506
3300009517-bin.45,d__Bacteria;p__Actinobacteriota;c__Actinobacteria;o__Actinomycetales;f__Dermatophilaceae;g__Tetrasphaera_A;s__,98.42,0.54,1378315.80040263
spades-bin.104,d__Bacteria;p__Gemmatimonadota;c__Gemmatimonadetes;o__Gemmatimonadales;f__Gemmatimonadaceae;g__;s__,98.35,3.3,2624258.54685933
3300026302-bin.30,d__Bacteria;p__Proteobacteria;c__Gammaproteobacteria;o__Burkholderiales;f__Burkholderiaceae;g__Ottowia;s__Ottowia,99.26,0.62,121378.590830602
3300026302-bin.54,d__Bacteria;p__Proteobacteria;c__Alphaproteobacteria;o__Rhizobiales;f__Beijerinckiaceae;g__Bosea;s__,81.6,8.48,338238.027853101
3300009517-bin.5,d__Bacteria;p__Actinobacteriota;c__Actinobacteria;o__Propionibacteriales;f__Propionibacteriaceae;g__Propionicimonas;s__,93.63,3.02,130384.349818564
spades-bin.28,d__Bacteria;p__Bacteroidota;c__Bacteroidia;o__Flavobacteriales;f__Weeksellaceae;g__Chryseobacterium_A;s__Chryseobacterium_A,100,0.25,209939.845701571
3300026286-bin.7,d__Bacteria;p__Actinobacteriota;c__Actinobacteria;o__Actinomycetales;f__Dermatophilaceae;g__Phycicoccus;s__,98.02,0.54,332508.527018117
megahit-bin.40,d__Bacteria;p__Proteobacteria;c__Gammaproteobacteria;o__Burkholderiales;f__Burkholderiaceae;g__Rubrivivax;s__,99.52,0.05,1259736.76152529
megahit-bin.110,d__Bacteria;p__Actinobacteriota;c__Actinobacteria;o__Propionibacteriales;f__Propionibacteriaceae;g__Propionicimonas;s__,94.14,3.15,96105.4231258531
spades-bin.99,d__Bacteria;p__Proteobacteria;c__Alphaproteobacteria;o__Reyranellales;f__Reyranellaceae;g__Reyranella;s__,89.96,7.34,224063.312865139
megahit-bin.30,d__Bacteria;p__Actinobacteriota;c__Actinobacteria;o__Propionibacteriales;f__Propionibacteriaceae;g__;s__,91.04,0.91,100351.408387641
3300026286-bin.36,d__Bacteria;p__Cyanobacteria;c__Vampirovibrionia;o__Obscuribacterales;f__Obscuribacteraceae;g__Obscuribacter;s__Obscuribacter,98.28,0.94,1713299.00078718
3300009517-bin.46,d__Bacteria;p__Proteobacteria;c__Alphaproteobacteria;o__Rhodospirillales_C;f__Rhodospirillaceae_A;g__;s__,91.2,2.27,153016.939954901
spades-bin.50,d__Bacteria;p__Actinobacteriota;c__Actinobacteria;o__Nanopelagicales;f__;g__;s__,99.14,3.68,64509.6896532505
spades-bin.52,d__Bacteria;p__Chloroflexota;c__Anaerolineae;o__SBR1031;f__A4b;g__;s__,98.17,0,910673.47751946
megahit-bin.38,d__Bacteria;p__Proteobacteria;c__Alphaproteobacteria;o__Reyranellales;f__Reyranellaceae;g__Reyranella;s__Reyranella,91.04,6.01,62017.8031843593
spades-bin.105,d__Bacteria;p__Bacteroidota;c__Bacteroidia;o__Chitinophagales;f__Saprospiraceae;g__;s__,96.53,0.99,702647.957565285
spades-bin.57,d__Bacteria;p__Actinobacteriota;c__Actinobacteria;o__Actinomycetales;f__Dermatophilaceae;g__Austwickia;s__,99.45,5.01,255331.073930702
spades-bin.29,d__Bacteria;p__Actinobacteriota;c__Actinobacteria;o__Actinomycetales;f__Dermatophilaceae;g__Phycicoccus;s__Phycicoccus,95.82,1.89,152031.171543443
3300026286-bin.31,d__Bacteria;p__Proteobacteria;c__Gammaproteobacteria;o__Burkholderiales;f__Rhodocyclaceae;g__Accumulibacter;s__Accumulibacter,100,0.03,2411395.05147335
spades-bin.74,d__Bacteria;p__Proteobacteria;c__Gammaproteobacteria;o__Burkholderiales;f__Rhodocyclaceae;g__Zoogloea;s__,91.62,3.51,913411.426491294
spades-bin.10,d__Bacteria;p__Proteobacteria;c__Alphaproteobacteria;o__Rhizobiales;f__Phreatobacteraceae;g__Phreatobacter;s__,98.35,3.96,133242.780081814
spades-bin.36,d__Bacteria;p__Proteobacteria;c__Alphaproteobacteria;o__Rhizobiales;f__Beijerinkiaceae_A;g__PAR1;s__,76.21,1.72,77102.0241280815
spades-bin.17,d__Bacteria;p__Proteobacteria;c__Alphaproteobacteria;o__Rhizobiales;f__Rhizobiaceae;g__Aminobacter;s__Aminobacter,94.26,5.5,219212.925715639
spades-bin.56,d__Bacteria;p__Actinobacteriota;c__Actinobacteria;o__Actinomycetales;f__Microbacteriaceae;g__Leucobacter;s__,96.06,2.05,99061.3641011087
spades-bin.61,d__Bacteria;p__Actinobacteriota;c__Actinobacteria;o__Actinomycetales;f__Microbacteriaceae;g__Leucobacter;s__Leucobacter,83.22,1.48,22050.1022552844
spades-bin.31,d__Bacteria;p__Bacteroidota;c__Rhodothermia;o__Rhodothermales;f__;g__;s__,98.36,1.38,116472.488388897
spades-bin.2,d__Bacteria;p__Proteobacteria;c__Alphaproteobacteria;o__Rickettsiales;f__Rickettsiaceae;g__GCA-2402195;s__,75.59,1.58,17671.3042590325
megahit-bin.75,d__Bacteria;p__Proteobacteria;c__Alphaproteobacteria;o__Rhizobiales;f__Rhizobiaceae;g__Shinella;s__Shinella,78.53,6.03,149921.49346138
spades-bin.103,d__Bacteria;p__Patescibacteria;c__Saccharimonadia;o__Saccharimonadales;f__Saccharimonadaceae;g__Saccharimonas;s__,84.48,0,65079
spades-bin.14,d__Bacteria;p__Bacteroidota;c__Bacteroidia;o__Chitinophagales;f__Chitinophagaceae;g__Flavihumibacter;s__,100,1.23,24002.8258751547
spades-bin.48,d__Bacteria;p__Proteobacteria;c__Alphaproteobacteria;o__Rhizobiales;f__Anderseniellaceae;g__PALSA-927;s__,97.64,0.4,25238.3877023245
spades-bin.40,d__Bacteria;p__Bacteroidota;c__Ignavibacteria;o__Ignavibacteriales;f__Ignavibacteriaceae_A;g__UTCHB3;s__,97.27,0.55,58496.1214377315
spades-bin.68,d__Bacteria;p__Proteobacteria;c__Alphaproteobacteria;o__Rhizobiales;f__Beijerinkiaceae_A;g__;s__,81.18,5.25,28431.9591571843
spades-bin.53,d__Bacteria;p__Bacteroidota;c__Bacteroidia;o__Chitinophagales;f__Saprospiraceae;g__OLB8;s__,97.52,0.5,10635.6190620102
3300026286-bin.38,d__Bacteria;p__Bacteroidota;c__Bacteroidia;o__AKYH767;f__b-17BO;g__;s__,99.05,0.48,46346.1932076515
3300026302-bin.45,d__Bacteria;p__Proteobacteria;c__Alphaproteobacteria;o__Rhizobiales;f__Beijerinkiaceae_A;g__PAR1;s__,97.89,0,26820.4881687596
3300026302-bin.23,d__Bacteria;p__Proteobacteria;c__Gammaproteobacteria;o__Xanthomonadales;f__Xanthomonadaceae;g__Luteimonas;s__,96.89,0.71,49417.6678585985
3300026302-bin.14,d__Bacteria;p__Proteobacteria;c__Alphaproteobacteria;o__Rhodobacterales;f__Rhodobacteraceae;g__Pararhodobacter;s__,99.09,1.19,25806.6133153856
spades-bin.55,d__Bacteria;p__Armatimonadota;c__Fimbriimonadia;o__Fimbriimonadales;f__Fimbriimonadaceae;g__Uphvl-Ar1;s__,96.55,0,27829.592899281
spades-bin.75,d__Bacteria;p__Chloroflexota;c__Chloroflexia;o__Chloroflexales;f__Herpetosiphonaceae;g__Herpetosiphon;s__,99.09,0.91,7917
spades-bin.77,d__Bacteria;p__Proteobacteria;c__Alphaproteobacteria;o__;f__;g__;s__,82.43,2.65,1283274.09159469
spades-bin.115,d__Bacteria;p__Proteobacteria;c__Gammaproteobacteria;o__Legionellales;f__Legionellaceae;g__;s__,92.74,1.07,19591.2336503632
spades-bin.93,d__Bacteria;p__Proteobacteria;c__Gammaproteobacteria;o__Burkholderiales;f__Burkholderiaceae;g__Ottowia;s__,93.66,5.56,26716.5765134233
spades-bin.3,d__Bacteria;p__Proteobacteria;c__Alphaproteobacteria;o__Caulobacterales;f__Caulobacteraceae;g__Brevundimonas;s__Brevundimonas,97.51,3.41,27851.7286778945
spades-bin.60,d__Bacteria;p__Bacteroidota;c__;o__;f__;g__;s__,94.52,0,32139.9271631662
megahit-bin.15,d__Bacteria;p__Proteobacteria;c__Alphaproteobacteria;o__Rhizobiales;f__Rhizobiaceae;g__QFOR01;s__,88.41,2.12,24535.5408507163
spades-bin.33,d__Bacteria;p__Proteobacteria;c__Alphaproteobacteria;o__Caedimonadales;f__UBA1908;g__;s__,86.36,1.1,41263.9273734715
spades-bin.97,d__Bacteria;p__Firmicutes_A;c__Clostridia;o__Peptostreptococcales;f__Fusibacteraceae;g__UBA5201;s__,96.5,1.75,11649
