Bin,Classification,comp,contam,size,contigs,gc
spades-bin.57,d__Bacteria;p__Actinobacteriota;c__Actinobacteria;o__Actinomycetales;f__Dermatophilaceae;g__Austwickia;s__,99.45,5.01,4392256,82,71.2
3300026286-bin.7,d__Bacteria;p__Actinobacteriota;c__Actinobacteria;o__Actinomycetales;f__Dermatophilaceae;g__Phycicoccus;s__,98.02,0.54,3056910,34,71
spades-bin.29,d__Bacteria;p__Actinobacteriota;c__Actinobacteria;o__Actinomycetales;f__Dermatophilaceae;g__Phycicoccus;s__Phycicoccus,95.82,1.89,3198586,111,69.2
3300009517-bin.45,d__Bacteria;p__Actinobacteriota;c__Actinobacteria;o__Actinomycetales;f__Dermatophilaceae;g__Tetrasphaera_A;s__,98.42,0.54,3749633,57,67.9
3300026286-bin.22,d__Bacteria;p__Actinobacteriota;c__Actinobacteria;o__Actinomycetales;f__Dermatophilaceae;g__Tetrasphaera_A;s__Tetrasphaera_A,98.92,0.05,3958293,66,69.3
spades-bin.56,d__Bacteria;p__Actinobacteriota;c__Actinobacteria;o__Actinomycetales;f__Microbacteriaceae;g__Leucobacter;s__,96.06,2.05,3012743,74,63.5
spades-bin.61,d__Bacteria;p__Actinobacteriota;c__Actinobacteria;o__Actinomycetales;f__Microbacteriaceae;g__Leucobacter;s__Leucobacter,83.22,1.48,2314472,140,64.8
3300009517-bin.13,d__Bacteria;p__Actinobacteriota;c__Actinobacteria;o__Actinomycetales;f__Microbacteriaceae;g__Salinibacterium;s__,97.81,0,2934589,8,67.2
spades-bin.50,d__Bacteria;p__Actinobacteriota;c__Actinobacteria;o__Nanopelagicales;f__;g__;s__,99.14,3.68,4287795,95,72.7
megahit-bin.30,d__Bacteria;p__Actinobacteriota;c__Actinobacteria;o__Propionibacteriales;f__Propionibacteriaceae;g__;s__,91.04,0.91,3467569,67,69.3
3300009517-bin.5,d__Bacteria;p__Actinobacteriota;c__Actinobacteria;o__Propionibacteriales;f__Propionibacteriaceae;g__Propionicimonas;s__,93.63,3.02,4083078,61,70.7
megahit-bin.110,d__Bacteria;p__Actinobacteriota;c__Actinobacteria;o__Propionibacteriales;f__Propionibacteriaceae;g__Propionicimonas;s__,94.14,3.15,3669459,65,71.6
spades-bin.55,d__Bacteria;p__Armatimonadota;c__Fimbriimonadia;o__Fimbriimonadales;f__Fimbriimonadaceae;g__Uphvl-Ar1;s__,96.55,0,3141046,38,58.8
spades-bin.60,d__Bacteria;p__Bacteroidota;c__;o__;f__;g__;s__,94.52,0,4402344,36,41.6
3300026286-bin.38,d__Bacteria;p__Bacteroidota;c__Bacteroidia;o__AKYH767;f__b-17BO;g__;s__,99.05,0.48,3173705,31,29.6
3300009517-bin.49,d__Bacteria;p__Bacteroidota;c__Bacteroidia;o__Chitinophagales;f__Chitinophagaceae;g__;s__,99.01,0,4185784,10,46.3
spades-bin.14,d__Bacteria;p__Bacteroidota;c__Bacteroidia;o__Chitinophagales;f__Chitinophagaceae;g__Flavihumibacter;s__,100,1.23,4028000,23,48.2
spades-bin.105,d__Bacteria;p__Bacteroidota;c__Bacteroidia;o__Chitinophagales;f__Saprospiraceae;g__;s__,96.53,0.99,5836501,51,50.3
spades-bin.53,d__Bacteria;p__Bacteroidota;c__Bacteroidia;o__Chitinophagales;f__Saprospiraceae;g__OLB8;s__,97.52,0.5,3727014,65,37.2
spades-bin.4,d__Bacteria;p__Bacteroidota;c__Bacteroidia;o__Cytophagales;f__Spirosomaceae;g__Leadbetterella;s__,99.11,0.6,4813294,17,37.7
3300009517-bin.35,d__Bacteria;p__Bacteroidota;c__Bacteroidia;o__Cytophagales;f__Spirosomaceae;g__Runella;s__Runella,100,0,7443280,60,44.4
3300009517-bin.6,d__Bacteria;p__Bacteroidota;c__Bacteroidia;o__Flavobacteriales;f__Flavobacteriaceae;g__Flavobacterium;s__,99.29,0.35,3076162,18,32.5
spades-bin.28,d__Bacteria;p__Bacteroidota;c__Bacteroidia;o__Flavobacteriales;f__Weeksellaceae;g__Chryseobacterium_A;s__Chryseobacterium_A,100,0.25,2574481,11,36.7
3300026302-bin.43,d__Bacteria;p__Bacteroidota;c__Bacteroidia;o__NS11-12g;f__UKL13-3;g__B1;s__,100,0,3735938,45,41.1
spades-bin.40,d__Bacteria;p__Bacteroidota;c__Ignavibacteria;o__Ignavibacteriales;f__Ignavibacteriaceae_A;g__UTCHB3;s__,97.27,0.55,4066688,21,42.2
spades-bin.31,d__Bacteria;p__Bacteroidota;c__Rhodothermia;o__Rhodothermales;f__;g__;s__,98.36,1.38,3250619,36,67
spades-bin.52,d__Bacteria;p__Chloroflexota;c__Anaerolineae;o__SBR1031;f__A4b;g__;s__,98.17,0,7636215,32,54.2
spades-bin.75,d__Bacteria;p__Chloroflexota;c__Chloroflexia;o__Chloroflexales;f__Herpetosiphonaceae;g__Herpetosiphon;s__,99.09,0.91,6036298,13,50.2
3300026286-bin.36,d__Bacteria;p__Cyanobacteria;c__Vampirovibrionia;o__Obscuribacterales;f__Obscuribacteraceae;g__Obscuribacter;s__Obscuribacter,98.28,0.94,5093424,17,49.2
spades-bin.97,d__Bacteria;p__Firmicutes_A;c__Clostridia;o__Peptostreptococcales;f__Fusibacteraceae;g__UBA5201;s__,96.5,1.75,3084188,41,42.8
spades-bin.104,d__Bacteria;p__Gemmatimonadota;c__Gemmatimonadetes;o__Gemmatimonadales;f__Gemmatimonadaceae;g__;s__,98.35,3.3,4545183,8,70.1
spades-bin.103,d__Bacteria;p__Patescibacteria;c__Saccharimonadia;o__Saccharimonadales;f__Saccharimonadaceae;g__Saccharimonas;s__,84.48,0,971550,1,49.6
spades-bin.77,d__Bacteria;p__Proteobacteria;c__Alphaproteobacteria;o__;f__;g__;s__,82.43,2.65,3943600,581,64.6
spades-bin.33,d__Bacteria;p__Proteobacteria;c__Alphaproteobacteria;o__Caedimonadales;f__UBA1908;g__;s__,86.36,1.1,1880646,96,52.8
spades-bin.3,d__Bacteria;p__Proteobacteria;c__Alphaproteobacteria;o__Caulobacterales;f__Caulobacteraceae;g__Brevundimonas;s__Brevundimonas,97.51,3.41,3071929,155,67.2
3300009517-bin.48,d__Bacteria;p__Proteobacteria;c__Alphaproteobacteria;o__Caulobacterales;f__Caulobacteraceae;g__Caulobacter;s__,100,0,4431362,25,66.9
spades-bin.45,d__Bacteria;p__Proteobacteria;c__Alphaproteobacteria;o__Caulobacterales;f__Hyphomonadaceae;g__UBA1942;s__,98.43,0.32,2980451,6,39.4
spades-bin.99,d__Bacteria;p__Proteobacteria;c__Alphaproteobacteria;o__Reyranellales;f__Reyranellaceae;g__Reyranella;s__,89.96,7.34,5077289,210,70
megahit-bin.38,d__Bacteria;p__Proteobacteria;c__Alphaproteobacteria;o__Reyranellales;f__Reyranellaceae;g__Reyranella;s__Reyranella,91.04,6.01,5707127,258,65.3
spades-bin.48,d__Bacteria;p__Proteobacteria;c__Alphaproteobacteria;o__Rhizobiales;f__Anderseniellaceae;g__PALSA-927;s__,97.64,0.4,3363020,19,61.6
3300026302-bin.54,d__Bacteria;p__Proteobacteria;c__Alphaproteobacteria;o__Rhizobiales;f__Beijerinckiaceae;g__Bosea;s__,81.6,8.48,4438947,777,66.3
spades-bin.68,d__Bacteria;p__Proteobacteria;c__Alphaproteobacteria;o__Rhizobiales;f__Beijerinkiaceae_A;g__;s__,81.18,5.25,3990493,465,62.5
3300026302-bin.45,d__Bacteria;p__Proteobacteria;c__Alphaproteobacteria;o__Rhizobiales;f__Beijerinkiaceae_A;g__PAR1;s__,97.89,0,3186646,17,63.2
spades-bin.36,d__Bacteria;p__Proteobacteria;c__Alphaproteobacteria;o__Rhizobiales;f__Beijerinkiaceae_A;g__PAR1;s__,76.21,1.72,3079284,320,63.3
spades-bin.10,d__Bacteria;p__Proteobacteria;c__Alphaproteobacteria;o__Rhizobiales;f__Phreatobacteraceae;g__Phreatobacter;s__,98.35,3.96,4694024,38,67.7
spades-bin.17,d__Bacteria;p__Proteobacteria;c__Alphaproteobacteria;o__Rhizobiales;f__Rhizobiaceae;g__Aminobacter;s__Aminobacter,94.26,5.5,5496701,80,63.8
megahit-bin.15,d__Bacteria;p__Proteobacteria;c__Alphaproteobacteria;o__Rhizobiales;f__Rhizobiaceae;g__QFOR01;s__,88.41,2.12,3385303,43,60.6
megahit-bin.75,d__Bacteria;p__Proteobacteria;c__Alphaproteobacteria;o__Rhizobiales;f__Rhizobiaceae;g__Shinella;s__Shinella,78.53,6.03,6981985,935,63.6
megahit-bin.50,d__Bacteria;p__Proteobacteria;c__Alphaproteobacteria;o__Rhodobacterales;f__Rhodobacteraceae;g__Defluviimonas;s__,100,0.35,4079253,24,65.5
3300026302-bin.14,d__Bacteria;p__Proteobacteria;c__Alphaproteobacteria;o__Rhodobacterales;f__Rhodobacteraceae;g__Pararhodobacter;s__,99.09,1.19,4866760,26,67.9
3300009517-bin.46,d__Bacteria;p__Proteobacteria;c__Alphaproteobacteria;o__Rhodospirillales_C;f__Rhodospirillaceae_A;g__;s__,91.2,2.27,3759503,236,62.2
spades-bin.2,d__Bacteria;p__Proteobacteria;c__Alphaproteobacteria;o__Rickettsiales;f__Rickettsiaceae;g__GCA-2402195;s__,75.59,1.58,1181727,82,34.5
3300009517-bin.38,d__Bacteria;p__Proteobacteria;c__Alphaproteobacteria;o__Sphingomonadales;f__Sphingomonadaceae;g__Sphingopyxis;s__,99.98,1.56,4310931,20,65.1
3300026302-bin.31,d__Bacteria;p__Proteobacteria;c__Gammaproteobacteria;o__Burkholderiales;f__Burkholderiaceae;g__Alicycliphilus;s__,99.64,1.04,3832872,33,66.3
spades-bin.93,d__Bacteria;p__Proteobacteria;c__Gammaproteobacteria;o__Burkholderiales;f__Burkholderiaceae;g__Ottowia;s__,93.66,5.56,4521058,250,67.1
3300026302-bin.30,d__Bacteria;p__Proteobacteria;c__Gammaproteobacteria;o__Burkholderiales;f__Burkholderiaceae;g__Ottowia;s__Ottowia,99.26,0.62,3396562,35,69.1
3300009517-bin.1,d__Bacteria;p__Proteobacteria;c__Gammaproteobacteria;o__Burkholderiales;f__Burkholderiaceae;g__Ramlibacter;s__,99.84,0.06,4360166,32,66.1
megahit-bin.40,d__Bacteria;p__Proteobacteria;c__Gammaproteobacteria;o__Burkholderiales;f__Burkholderiaceae;g__Rubrivivax;s__,99.52,0.05,6291011,41,71.2
spades-bin.58,d__Bacteria;p__Proteobacteria;c__Gammaproteobacteria;o__Burkholderiales;f__Burkholderiaceae;g__Vitreoscilla_A;s__,100,0.7,3509363,13,68.9
3300026286-bin.31,d__Bacteria;p__Proteobacteria;c__Gammaproteobacteria;o__Burkholderiales;f__Rhodocyclaceae;g__Accumulibacter;s__Accumulibacter,100,0.03,4588013,61,63.8
3300026302-bin.3,d__Bacteria;p__Proteobacteria;c__Gammaproteobacteria;o__Burkholderiales;f__Rhodocyclaceae;g__Accumulibacter;s__Accumulibacter,99.84,0.24,4641950,81,64.3
spades-bin.74,d__Bacteria;p__Proteobacteria;c__Gammaproteobacteria;o__Burkholderiales;f__Rhodocyclaceae;g__Zoogloea;s__,91.62,3.51,4987488,501,65.7
spades-bin.115,d__Bacteria;p__Proteobacteria;c__Gammaproteobacteria;o__Legionellales;f__Legionellaceae;g__;s__,92.74,1.07,2580594,182,36.1
3300026302-bin.23,d__Bacteria;p__Proteobacteria;c__Gammaproteobacteria;o__Xanthomonadales;f__Xanthomonadaceae;g__Luteimonas;s__,96.89,0.71,3556726,252,69.9
spades-bin.84,d__Bacteria;p__Proteobacteria;c__Gammaproteobacteria;o__Xanthomonadales;f__Xanthomonadaceae;g__Pseudoxanthomonas_A;s__,99.95,0.89,3667984,28,67.8
3300026302-bin.6,d__Bacteria;p__Proteobacteria;c__Gammaproteobacteria;o__Xanthomonadales;f__Xanthomonadaceae;g__Pseudoxanthomonas;s__,99.02,0,2992856,6,69.6
